Workbook

Sheet راهنما
B2: فایل شبیه‌سازی طرح هشت کارت باشگاه هما نت
B4: این فایل محاسبات طرح را با همان قواعدی انجام می‌دهد که در کد سایت ثبت شده است (src/platform/card-levels.ts و seven-card-model.ts).
B5: همهٔ مبالغ به «تومان» است.
B7: راهنمای رنگ‌ها:
B8: • عدد آبی = ورودی قابل تغییر. فقط این خانه‌ها را عوض کنید.
B9: • زمینهٔ زرد = فرض کلیدی طرح که هنوز باید توسط مدیریت نهایی شود.
B10: • عدد سیاه = فرمول (دست نزنید). • عدد سبز = خوانده‌شده از برگهٔ دیگر.
B12: برگه‌ها:
B13: ۱. «ورودی‌ها»: ثابت‌های طرح (حجم هر تعادل، پاداش، سقف هفتگی، کش‌بک سیمرغ، ووچر هر ۸ تعادل).
B14: ۲. «کارت‌ها»: هشت کارت با حداقل خرید، تعداد میز کار، سقف پاداش هفتگی و بیشترین درآمد ممکن.
B15: ۳. «شبیه‌سازی هفتگی»: کارت عضو و حجم فروش هفتگی دو سمت را وارد کنید تا تعادل‌ها، پاداش نقدی، ووچر، حجم سیوشده و جمع درآمد ۱۲ هفته محاسبه شود.
B16: ۴. «نسبت پرداخت»: درصد پاداش نسبت به حجم فروش، برای بررسی پایداری طرح.
... B23: • این فایل برای برنامه‌ریزی و محاسبه است، نه وعدهٔ درآمد. درآمد واقعی به فروش واقعی و تصمیم‌های نهایی مدیریت بستگی دارد.

Sheet ورودی‌ها
A1: ثابت‌های طرح (تومان)
A3: پارامتر | B3: مقدار | C3: توضیح / منبع
A4: حجم لازم برای هر تعادل در هر سمت | B4: 30000000 | C4: MATCH_VOLUME در card-levels.ts؛ متن طرح: تعادل ۳۰ میلیون در هر سمت
A5: پاداش هر تعادل | B5: 5400000 | C5: MATCH_REWARD؛ متن طرح: ۵ میلیون و ۴۰۰ هزار تومان
A6: سقف پاداش هفتگی هر میز کار | B6: 15000000 | C6: DESK_WEEKLY_CAP؛ متن طرح: ۱۵ میلیون تومان در هفته برای هر جایگاه
A7: کش‌بک سیمرغ (خرید اولیهٔ یکجا از ۷۰ میلیون) | B7: 6000000 | C7: SIMURGH_CASHBACK؛ فقط یک خرید اولیه، نه ارتقای تجمعی
A8: ووچر: هر چندمین تعادل ووچر است | B8: 8 | C8: هر هشتمین تعادل (شمارش مادام‌العمر) به‌جای نقد، ووچر خرید است
A9: آیا ووچر در سقف هفتگی حساب می‌شود؟ (1=بله، 0=خیر) | B9: 1 | C9: تصمیم مدیریت: voucherCountsTowardCap — هنوز ثبت نشده
A10: حداقل خرید برای کش‌بک سیمرغ | B10: 70000000 | C10: simurghCashbackEligibility

Sheet کارت‌ها
A1: هشت کارت باشگاه (تومان)
A3: سطح | B3: نام کارت | C3: حداقل مبلغ خرید | D3: تعداد میز کار | E3: سقف پاداش هفتگی | F3: بیشترین تعادل نقدی در هفته | G3: بیشترین درآمد نقدی هفتگی | H3: حجم دو‌طرفهٔ لازم برای سقف
A4: 1 | B4: جوانه | C4: 10000000 | D4: =A4 -> 1 | E4: =D4*'ورودی‌ها'!$B$6 -> 15000000 | F4: =D4*INT('ورودی‌ها'!$B$6/'ورودی‌ها'!$B$5) -> 2 | G4: =F4*'ورودی‌ها'!$B$5 -> 10800000 | H4: =F4*'ورودی‌ها'!$B$4*2 -> 120000000
A5: 2 | B5: سرو | C5: 20000000 | D5: =A5 -> 2 | E5: =D5*'ورودی‌ها'!$B$6 -> 30000000 | F5: =D5*INT('ورودی‌ها'!$B$6/'ورودی‌ها'!$B$5) -> 4 | G5: =F5*'ورودی‌ها'!$B$5 -> 21600000 | H5: =F5*'ورودی‌ها'!$B$4*2 -> 240000000
A6: 3 | B6: فیروزه | C6: 30000000 | D6: =A6 -> 3 | E6: =D6*'ورودی‌ها'!$B$6 -> 45000000 | F6: =D6*INT('ورودی‌ها'!$B$6/'ورودی‌ها'!$B$5) -> 6 | G6: =F6*'ورودی‌ها'!$B$5 -> 32400000 | H6: =F6*'ورودی‌ها'!$B$4*2 -> 360000000
A7: 4 | B7: یاقوت | C7: 40000000 | D7: =A7 -> 4 | E7: =D7*'ورودی‌ها'!$B$6 -> 60000000 | F7: =D7*INT('ورودی‌ها'!$B$6/'ورودی‌ها'!$B$5) -> 8 | G7: =F7*'ورودی‌ها'!$B$5 -> 43200000 | H7: =F7*'ورودی‌ها'!$B$4*2 -> 480000000
A8: 5 | B8: زمرد | C8: 50000000 | D8: =A8 -> 5 | E8: =D8*'ورودی‌ها'!$B$6 -> 75000000 | F8: =D8*INT('ورودی‌ها'!$B$6/'ورودی‌ها'!$B$5) -> 10 | G8: =F8*'ورودی‌ها'!$B$5 -> 54000000 | H8: =F8*'ورودی‌ها'!$B$4*2 -> 600000000
A9: 6 | B9: الماس | C9: 60000000 | D9: =A9 -> 6 | E9: =D9*'ورودی‌ها'!$B$6 -> 90000000 | F9: =D9*INT('ورودی‌ها'!$B$6/'ورودی‌ها'!$B$5) -> 12 | G9: =F9*'ورودی‌ها'!$B$5 -> 64800000 | H9: =F9*'ورودی‌ها'!$B$4*2 -> 720000000
A10: 7 | B10: سیمرغ | C10: 70000000 | D10: =A10 -> 7 | E10: =D10*'ورودی‌ها'!$B$6 -> 105000000 | F10: =D10*INT('ورودی‌ها'!$B$6/'ورودی‌ها'!$B$5) -> 14 | G10: =F10*'ورودی‌ها'!$B$5 -> 75600000 | H10: =F10*'ورودی‌ها'!$B$4*2 -> 840000000
A11: 8 | B11: آریا | C11: 100000000 | D11: =A11 -> 8 | E11: =D11*'ورودی‌ها'!$B$6 -> 120000000 | F11: =D11*INT('ورودی‌ها'!$B$6/'ورودی‌ها'!$B$5) -> 16 | G11: =F11*'ورودی‌ها'!$B$5 -> 86400000 | H11: =F11*'ورودی‌ها'!$B$4*2 -> 960000000
A13: حداقل‌ها از متن طرح؛ کارت آریا از ۱۰۰ میلیون (تصمیم مالک). تعداد میز کار برابر سطح کارت است (desks = level).
A14: «بیشترین درآمد نقدی هفتگی» با فرض حجم کافی در هر دو سمت است و سهم ووچر را جدا حساب نمی‌کند.

Sheet شبیه‌سازی هفتگی
A1: شبیه‌سازی ۱۲ هفتهٔ یک عضو (تومان)
A3: سطح کارت عضو (۱ تا ۸): | D3: 4 | E3: =INDEX('کارت‌ها'!$B$4:$B$11,$D$3) -> یاقوت | F3: مبلغ خرید اولیهٔ یکجا: | H3: 40000000 | I3: کش‌بک سیمرغ: | J3: =IF($H$3>='ورودی‌ها'!$B$10,'ورودی‌ها'!$B$7,0) -> 0
A4: تعداد میز کار: | D4: =INDEX('کارت‌ها'!$D$4:$D$11,$D$3) -> 4 | F4: تعادل‌های قبلی (مادام‌العمر): | H4: 0
F5: حجم سیوشدهٔ اولیه راست / چپ: | H5: 0 | I5: 0
A7: هفته | B7: حجم جدید سمت راست | C7: حجم جدید سمت چپ | D7: موجودی راست | E7: موجودی چپ | F7: تعادل ممکن با حجم | G7: سقف تعادل (بدون ووچر) | H7: تعادل انجام‌شده | I7: از این تعداد ووچر | J7: پاداش نقدی | K7: ووچر خرید | L7: سیو راست | M7: سیو چپ | N7: شمارش تعادل تا کنون | O7: جمع درآمد تجمعی
A8: 1 | B8: 60000000 | C8: 45000000 | D8: =$H$5+B8 -> 60000000 | E8: =$I$5+C8 -> 45000000 | F8: =INT(MIN(D8,E8)/'ورودی‌ها'!$B$4) -> 1 | G8: =$D$4*INT('ورودی‌ها'!$B$6/'ورودی‌ها'!$B$5) -> 8 | H8: =IF('ورودی‌ها'!$B$9=1,MIN(F8,G8),MIN(F8,G8+(INT(($H$4+MIN(F8,G8))/'ورودی‌ها'!$B$8)-INT($H$4/'ورودی‌ها'!$B$8)))) -> 1 | I8: =INT(($H$4+H8)/'ورودی‌ها'!$B$8)-INT($H$4/'ورودی‌ها'!$B$8) -> 0 | J8: =(H8-I8)*'ورودی‌ها'!$B$5 -> 5400000 | K8: =I8*'ورودی‌ها'!$B$5 -> 0 | L8: =D8-H8*'ورودی‌ها'!$B$4 -> 30000000 | M8: =E8-H8*'ورودی‌ها'!$B$4 -> 15000000 | N8: =$H$4+H8 -> 1 | O8: =$J$3+J8+K8 -> 5400000
A9: 2 | B9: 30000000 | C9: 60000000 | D9: =L8+B9 -> 60000000 | E9: =M8+C9 -> 75000000 | F9: =INT(MIN(D9,E9)/'ورودی‌ها'!$B$4) -> 2 | G9: =$D$4*INT('ورودی‌ها'!$B$6/'ورودی‌ها'!$B$5) -> 8 | H9: =IF('ورودی‌ها'!$B$9=1,MIN(F9,G9),MIN(F9,G9+(INT((N8+MIN(F9,G9))/'ورودی‌ها'!$B$8)-INT(N8/'ورودی‌ها'!$B$8)))) -> 2 | I9: =INT((N8+H9)/'ورودی‌ها'!$B$8)-INT(N8/'ورودی‌ها'!$B$8) -> 0 | J9: =(H9-I9)*'ورودی‌ها'!$B$5 -> 10800000 | K9: =I9*'ورودی‌ها'!$B$5 -> 0 | L9: =D9-H9*'ورودی‌ها'!$B$4 -> 0 | M9: =E9-H9*'ورودی‌ها'!$B$4 -> 15000000 | N9: =N8+H9 -> 3 | O9: =O8+J9+K9 -> 16200000
A10: 3 | B10: 90000000 | C10: 30000000 | D10: =L9+B10 -> 90000000 | E10: =M9+C10 -> 45000000 | F10: =INT(MIN(D10,E10)/'ورودی‌ها'!$B$4) -> 1 | G10: =$D$4*INT('ورودی‌ها'!$B$6/'ورودی‌ها'!$B$5) -> 8 | H10: =IF('ورودی‌ها'!$B$9=1,MIN(F10,G10),MIN(F10,G10+(INT((N9+MIN(F10,G10))/'ورودی‌ها'!$B$8)-INT(N9/'ورودی‌ها'!$B$8)))) -> 1 | I10: =INT((N9+H10)/'ورودی‌ها'!$B$8)-INT(N9/'ورودی‌ها'!$B$8) -> 0 | J10: =(H10-I10)*'ورودی‌ها'!$B$5 -> 5400000 | K10: =I10*'ورودی‌ها'!$B$5 -> 0 | L10: =D10-H10*'ورودی‌ها'!$B$4 -> 60000000 | M10: =E10-H10*'ورودی‌ها'!$B$4 -> 15000000 | N10: =N9+H10 -> 4 | O10: =O9+J10+K10 -> 21600000
A11: 4 | B11: 45000000 | C11: 45000000 | D11: =L10+B11 -> 105000000 | E11: =M10+C11 -> 60000000 | F11: =INT(MIN(D11,E11)/'ورودی‌ها'!$B$4) -> 2 | G11: =$D$4*INT('ورودی‌ها'!$B$6/'ورودی‌ها'!$B$5) -> 8 | H11: =IF('ورودی‌ها'!$B$9=1,MIN(F11,G11),MIN(F11,G11+(INT((N10+MIN(F11,G11))/'ورودی‌ها'!$B$8)-INT(N10/'ورودی‌ها'!$B$8)))) -> 2 | I11: =INT((N10+H11)/'ورودی‌ها'!$B$8)-INT(N10/'ورودی‌ها'!$B$8) -> 0 | J11: =(H11-I11)*'ورودی‌ها'!$B$5 -> 10800000 | K11: =I11*'ورودی‌ها'!$B$5 -> 0 | L11: =D11-H11*'ورودی‌ها'!$B$4 -> 45000000 | M11: =E11-H11*'ورودی‌ها'!$B$4 -> 0 | N11: =N10+H11 -> 6 | O11: =O10+J11+K11 -> 32400000
A12: 5 | B12: 120000000 | C12: 90000000 | D12: =L11+B12 -> 165000000 | E12: =M11+C12 -> 90000000 | F12: =INT(MIN(D12,E12)/'ورودی‌ها'!$B$4) -> 3 | G12: =$D$4*INT('ورودی‌ها'!$B$6/'ورودی‌ها'!$B$5) -> 8 | H12: =IF('ورودی‌ها'!$B$9=1,MIN(F12,G12),MIN(F12,G12+(INT((N11+MIN(F12,G12))/'ورودی‌ها'!$B$8)-INT(N11/'ورودی‌ها'!$B$8)))) -> 3 | I12: =INT((N11+H12)/'ورودی‌ها'!$B$8)-INT(N11/'ورودی‌ها'!$B$8) -> 1 | J12: =(H12-I12)*'ورودی‌ها'!$B$5 -> 10800000 | K12: =I12*'ورودی‌ها'!$B$5 -> 5400000 | L12: =D12-H12*'ورودی‌ها'!$B$4 -> 75000000 | M12: =E12-H12*'ورودی‌ها'!$B$4 -> 0 | N12: =N11+H12 -> 9 | O12: =O11+J12+K12 -> 48600000
A13: 6 | B13: 30000000 | C13: 30000000 | D13: =L12+B13 -> 105000000 | E13: =M12+C13 -> 30000000 | F13: =INT(MIN(D13,E13)/'ورودی‌ها'!$B$4) -> 1 | G13: =$D$4*INT('ورودی‌ها'!$B$6/'ورودی‌ها'!$B$5) -> 8 | H13: =IF('ورودی‌ها'!$B$9=1,MIN(F13,G13),MIN(F13,G13+(INT((N12+MIN(F13,G13))/'ورودی‌ها'!$B$8)-INT(N12/'ورودی‌ها'!$B$8)))) -> 1 | I13: =INT((N12+H13)/'ورودی‌ها'!$B$8)-INT(N12/'ورودی‌ها'!$B$8) -> 0 | J13: =(H13-I13)*'ورودی‌ها'!$B$5 -> 5400000 | K13: =I13*'ورودی‌ها'!$B$5 -> 0 | L13: =D13-H13*'ورودی‌ها'!$B$4 -> 75000000 | M13: =E13-H13*'ورودی‌ها'!$B$4 -> 0 | N13: =N12+H13 -> 10 | O13: =O12+J13+K13 -> 54000000
A14: 7 | B14: 0 | C14: 60000000 | D14: =L13+B14 -> 75000000 | E14: =M13+C14 -> 60000000 | F14: =INT(MIN(D14,E14)/'ورودی‌ها'!$B$4) -> 2 | G14: =$D$4*INT('ورودی‌ها'!$B$6/'ورودی‌ها'!$B$5) -> 8 | H14: =IF('ورودی‌ها'!$B$9=1,MIN(F14,G14),MIN(F14,G14+(INT((N13+MIN(F14,G14))/'ورودی‌ها'!$B$8)-INT(N13/'ورودی‌ها'!$B$8)))) -> 2 | I14: =INT((N13+H14)/'ورودی‌ها'!$B$8)-INT(N13/'ورودی‌ها'!$B$8) -> 0 | J14: =(H14-I14)*'ورودی‌ها'!$B$5 -> 10800000 | K14: =I14*'ورودی‌ها'!$B$5 -> 0 | L14: =D14-H14*'ورودی‌ها'!$B$4 -> 15000000 | M14: =E14-H14*'ورودی‌ها'!$B$4 -> 0 | N14: =N13+H14 -> 12 | O14: =O13+J14+K14 -> 64800000
A15: 8 | B15: 60000000 | C15: 0 | D15: =L14+B15 -> 75000000 | E15: =M14+C15 -> 0 | F15: =INT(MIN(D15,E15)/'ورودی‌ها'!$B$4) -> 0 | G15: =$D$4*INT('ورودی‌ها'!$B$6/'ورودی‌ها'!$B$5) -> 8 | H15: =IF('ورودی‌ها'!$B$9=1,MIN(F15,G15),MIN(F15,G15+(INT((N14+MIN(F15,G15))/'ورودی‌ها'!$B$8)-INT(N14/'ورودی‌ها'!$B$8)))) -> 0 | I15: =INT((N14+H15)/'ورودی‌ها'!$B$8)-INT(N14/'ورودی‌ها'!$B$8) -> 0 | J15: =(H15-I15)*'ورودی‌ها'!$B$5 -> 0 | K15: =I15*'ورودی‌ها'!$B$5 -> 0 | L15: =D15-H15*'ورودی‌ها'!$B$4 -> 75000000 | M15: =E15-H15*'ورودی‌ها'!$B$4 -> 0 | N15: =N14+H15 -> 12 | O15: =O14+J15+K15 -> 64800000
A16: 9 | B16: 75000000 | C16: 75000000 | D16: =L15+B16 -> 150000000 | E16: =M15+C16 -> 75000000 | F16: =INT(MIN(D16,E16)/'ورودی‌ها'!$B$4) -> 2 | G16: =$D$4*INT('ورودی‌ها'!$B$6/'ورودی‌ها'!$B$5) -> 8 | H16: =IF('ورودی‌ها'!$B$9=1,MIN(F16,G16),MIN(F16,G16+(INT((N15+MIN(F16,G16))/'ورودی‌ها'!$B$8)-INT(N15/'ورودی‌ها'!$B$8)))) -> 2 | I16: =INT((N15+H16)/'ورودی‌ها'!$B$8)-INT(N15/'ورودی‌ها'!$B$8) -> 0 | J16: =(H16-I16)*'ورودی‌ها'!$B$5 -> 10800000 | K16: =I16*'ورودی‌ها'!$B$5 -> 0 | L16: =D16-H16*'ورودی‌ها'!$B$4 -> 90000000 | M16: =E16-H16*'ورودی‌ها'!$B$4 -> 15000000 | N16: =N15+H16 -> 14 | O16: =O15+J16+K16 -> 75600000
A17: 10 | B17: 30000000 | C17: 90000000 | D17: =L16+B17 -> 120000000 | E17: =M16+C17 -> 105000000 | F17: =INT(MIN(D17,E17)/'ورودی‌ها'!$B$4) -> 3 | G17: =$D$4*INT('ورودی‌ها'!$B$6/'ورودی‌ها'!$B$5) -> 8 | H17: =IF('ورودی‌ها'!$B$9=1,MIN(F17,G17),MIN(F17,G17+(INT((N16+MIN(F17,G17))/'ورودی‌ها'!$B$8)-INT(N16/'ورودی‌ها'!$B$8)))) -> 3 | I17: =INT((N16+H17)/'ورودی‌ها'!$B$8)-INT(N16/'ورودی‌ها'!$B$8) -> 1 | J17: =(H17-I17)*'ورودی‌ها'!$B$5 -> 10800000 | K17: =I17*'ورودی‌ها'!$B$5 -> 5400000 | L17: =D17-H17*'ورودی‌ها'!$B$4 -> 30000000 | M17: =E17-H17*'ورودی‌ها'!$B$4 -> 15000000 | N17: =N16+H17 -> 17 | O17: =O16+J17+K17 -> 91800000
A18: 11 | B18: 150000000 | C18: 120000000 | D18: =L17+B18 -> 180000000 | E18: =M17+C18 -> 135000000 | F18: =INT(MIN(D18,E18)/'ورودی‌ها'!$B$4) -> 4 | G18: =$D$4*INT('ورودی‌ها'!$B$6/'ورودی‌ها'!$B$5) -> 8 | H18: =IF('ورودی‌ها'!$B$9=1,MIN(F18,G18),MIN(F18,G18+(INT((N17+MIN(F18,G18))/'ورودی‌ها'!$B$8)-INT(N17/'ورودی‌ها'!$B$8)))) -> 4 | I18: =INT((N17+H18)/'ورودی‌ها'!$B$8)-INT(N17/'ورودی‌ها'!$B$8) -> 0 | J18: =(H18-I18)*'ورودی‌ها'!$B$5 -> 21600000 | K18: =I18*'ورودی‌ها'!$B$5 -> 0 | L18: =D18-H18*'ورودی‌ها'!$B$4 -> 60000000 | M18: =E18-H18*'ورودی‌ها'!$B$4 -> 15000000 | N18: =N17+H18 -> 21 | O18: =O17+J18+K18 -> 113400000
A19: 12 | B19: 60000000 | C19: 60000000 | D19: =L18+B19 -> 120000000 | E19: =M18+C19 -> 75000000 | F19: =INT(MIN(D19,E19)/'ورودی‌ها'!$B$4) -> 2 | G19: =$D$4*INT('ورودی‌ها'!$B$6/'ورودی‌ها'!$B$5) -> 8 | H19: =IF('ورودی‌ها'!$B$9=1,MIN(F19,G19),MIN(F19,G19+(INT((N18+MIN(F19,G19))/'ورودی‌ها'!$B$8)-INT(N18/'ورودی‌ها'!$B$8)))) -> 2 | I19: =INT((N18+H19)/'ورودی‌ها'!$B$8)-INT(N18/'ورودی‌ها'!$B$8) -> 0 | J19: =(H19-I19)*'ورودی‌ها'!$B$5 -> 10800000 | K19: =I19*'ورودی‌ها'!$B$5 -> 0 | L19: =D19-H19*'ورودی‌ها'!$B$4 -> 60000000 | M19: =E19-H19*'ورودی‌ها'!$B$4 -> 15000000 | N19: =N18+H19 -> 23 | O19: =O18+J19+K19 -> 124200000
A20: جمع | B20: =SUM(B8:B19) -> 750000000 | C20: =SUM(C8:C19) -> 705000000 | H20: =SUM(H8:H19) -> 23 | I20: =SUM(I8:I19) -> 2 | J20: =SUM(J8:J19) -> 113400000 | K20: =SUM(K8:K19) -> 10800000
B22: جمع پاداش نقدی ۱۲ هفته | D22: =J20 -> 113400000
B23: جمع ووچر خرید | D23: =K20 -> 10800000
B24: کش‌بک سیمرغ | D24: =$J$3 -> 0
B25: جمع کل دریافتی | D25: =O19 -> 124200000
B26: مبلغ خرید اولیه | D26: =$H$3 -> 40000000
B27: نسبت دریافتی به خرید اولیه | D27: =IF($H$3>0,O19/$H$3,0) -> 3.105
B28: حجم سیوشدهٔ پایان دوره (راست) | D28: =L19 -> 60000000
B29: حجم سیوشدهٔ پایان دوره (چپ) | D29: =M19 -> 15000000
B31: حجم‌های آبی نمونه‌اند؛ اعداد واقعی فروش هفتگی هر سمت را جایگزین کنید.

Sheet نسبت پرداخت
A1: نسبت پاداش به فروش (پایداری طرح)
A3: شاخص | B3: مقدار | C3: توضیح
A4: حجم فروش پشت هر تعادل (دو سمت) | B4: ='ورودی‌ها'!$B$4*2 -> 60000000 | C4: هر تعادل ۳۰ میلیون از هر سمت مصرف می‌کند
A5: پاداش هر تعادل | B5: ='ورودی‌ها'!$B$5 -> 5400000
A6: درصد پاداش از حجم فروش جفت‌شده | B6: =IF(B4>0,B5/B4,0) -> 0.09 | C6: سقف نظری هزینهٔ پاداش تعادل برای شرکت
A7: سهم نقدی (بدون ووچرها) | B7: =B6*('ورودی‌ها'!$B$8-1)/'ورودی‌ها'!$B$8 -> 0.07875 | C7: هر هشتمین تعادل ووچر خرید است
A8: سهم ووچر | B8: =B6/'ورودی‌ها'!$B$8 -> 0.01125 | C8: ووچر به خرید کالا برمی‌گردد
A9: فروش هفتگی فرضی کل شبکه (ورودی) | B9: 1000000000 | C9: عدد نمونه؛ فروش واقعی را وارد کنید
A10: سهم فروشی که جفت می‌شود (ورودی) | B10: 0.6 | C10: فرض: بخشی از فروش به‌دلیل عدم تعادل سیو می‌شود
A11: پاداش هفتگی تقریبی | B11: =B9*B10/2/'ورودی‌ها'!$B$4*'ورودی‌ها'!$B$5 -> 54000000 | C11: تعداد تعادل × پاداش (بدون اثر سقف هفتگی)
A12: درصد پاداش از کل فروش | B12: =IF(B9>0,B11/B9,0) -> 0.054
